<application>
  <component name="GeneralSettings">
    <option name="showTipsOnStartup" value="false" />
    <option name="reopenLastProject" value="false" />
    <option name="autoSaveFiles" value="false" />
    <option name="confirmOpenNewProject2" value="0" />
  </component>
  <component name="Registry">
    <entry key="ide.experimental.ui" value="true" />
    <entry key="ide.images.show.chessboard" value="true" />
    <entry key="debugger.new.tool.window.layout" value="true" />
    <entry key="typescript.service.node.arguments" value="--max_old_space_size=8192" />
  </component>
</application>