<application>
  <component name="GeneralSettings">
    <option name="showTipsOnStartup" value="false" />
    <option name="reopenLastProject" value="false" />
    <option name="autoSaveFiles" value="false" />
    <option name="confirmOpenNewProject2" value="0" />
  </component>
  <component name="Registry">
    <entry key="ide.experimental.ui" value="true" />
    <entry key="ide.images.show.chessboard" value="true" />
    <entry key="debugger.new.tool.window.layout" value="true" />
    <entry key="ide.experimental.ui.inter.font" value="false" />
    <entry key="idea.plugins.compatible.build" value="" />
  </component>
</application>