<application>
  <component name="LafManager">
    <laf themeId="b8abb5dc-b0c9-4d20-97f7-ec5cde31cfd7" />
    <lafs-to-previous-schemes>
      <laf-to-scheme laf="ReSharper Dark" scheme="_@user_Monokai Pro" />
      <laf-to-scheme laf="ReSharper Day" scheme="_@user_Monokai Pro" />
      <laf-to-scheme laf="ReSharper Light" scheme="_@user_Monokai Pro" />
      <laf-to-scheme laf="ReSharper Night" scheme="_@user_Monokai Pro" />
      <laf-to-scheme laf="Rider Dark" scheme="_@user_Monokai Pro" />
      <laf-to-scheme laf="Rider Day" scheme="_@user_Monokai Pro" />
      <laf-to-scheme laf="Rider Light" scheme="_@user_Monokai Pro" />
      <laf-to-scheme laf="Rider Melon Dark" scheme="_@user_Monokai Pro" />
      <laf-to-scheme laf="Rider Melon Day" scheme="_@user_Monokai Pro" />
      <laf-to-scheme laf="Rider Melon Light" scheme="_@user_Monokai Pro" />
      <laf-to-scheme laf="Rider Melon Night" scheme="_@user_Monokai Pro" />
      <laf-to-scheme laf="Rider Night" scheme="_@user_Monokai Pro" />
      <laf-to-scheme laf="Visual Assist Dark" scheme="_@user_Darcula" />
      <laf-to-scheme laf="Visual Assist Day" scheme="_@user_Monokai Pro" />
      <laf-to-scheme laf="Visual Assist Light" scheme="_@user_Monokai Pro" />
      <laf-to-scheme laf="Visual Assist Night" scheme="_@user_Monokai Pro" />
      <laf-to-scheme laf="Visual Studio Dark" scheme="_@user_Monokai Pro" />
      <laf-to-scheme laf="Visual Studio Day" scheme="_@user_Monokai Pro" />
      <laf-to-scheme laf="Visual Studio Light" scheme="_@user_Monokai Pro" />
      <laf-to-scheme laf="Visual Studio Night" scheme="_@user_Monokai Pro" />
    </lafs-to-previous-schemes>
  </component>
</application>