<application>
  <component name="NodeJsLocalInterpreterManager">
    <local-interpreter path="$USER_HOME$/.nvm/versions/node/v18.14.0/bin/node">
      <version-cache version="18.14.0" last-modified="1675290527000" />
    </local-interpreter>
    <local-interpreter path="/bin/node">
      <version-cache version="18.13.0" last-modified="1675363486185" />
    </local-interpreter>
    <local-interpreter path="/usr/bin/node">
      <version-cache version="18.13.0" last-modified="1675363486185" />
    </local-interpreter>
    <local-interpreter path="$USER_HOME$/.nvm/versions/node/v16.20.1/bin/node">
      <version-cache version="16.20.1" last-modified="1687270645000" />
    </local-interpreter>
    <local-interpreter path="$USER_HOME$/.nvm/versions/node/v14.21.2/bin/node">
      <version-cache version="14.21.2" last-modified="1670913884000" />
    </local-interpreter>
  </component>
</application>