<application>
  <component name="ProjectManager">
    <defaultProject>
      <component name="DiscordProjectSettings">
        <option name="show" value="ASK" />
        <option name="description" value="" />
        <option name="theme" value="material" />
        <option name="button1Title" value="" />
        <option name="button1Url" value="" />
        <option name="button2Title" value="" />
        <option name="button2Url" value="" />
      </component>
    </defaultProject>
  </component>
</application>